video_id,comment
i4Kj9SsPRbY,â¤â¤â¤
i4Kj9SsPRbY,What a explanation
i4Kj9SsPRbY,Nice video!! Keep it up
i4Kj9SsPRbY,yes india
i4Kj9SsPRbY,Huge concept tha per kam time clear kar diya ...ab yadi isko mind me rakh ke kitna bhi bada article padh lo bo bhi samjh aa jayegaâ¤ï¸
i4Kj9SsPRbY,Fantastic guys
i4Kj9SsPRbY,A.G.I Will be man's last invention
i4Kj9SsPRbY,Great India Great People
i4Kj9SsPRbY,SAB SE AAGEY HONGE HINDUSTANI YEH  BAAT HAI SAB NE MAANI.
i4Kj9SsPRbY,fantastic and superb... very well done
i4Kj9SsPRbY,i really like the presentation and the idea of First develop India.
i4Kj9SsPRbY,Simply excellent ... ğŸ˜ƒğŸ˜
i4Kj9SsPRbY,Seriously underrated video!!!!!
i4Kj9SsPRbY,Its a great work....and interesting to understandğŸ˜...hats of u...all
i4Kj9SsPRbY,"Great  Work , Easy To Understand"
i4Kj9SsPRbY,"Fantastic Video. Hats of to ""The Makers"" of this video. Overly simplified."
i4Kj9SsPRbY,"sadly, looking back from today, this never happened. india at last minute backed off from rcep which it had been preparing the whole time with wish that by the time when the conversation settled, make in india narrative would eventually work out and make india companies compatitive enough to that of chinese ones."
i4Kj9SsPRbY,ğŸ‘ğŸ‘ğŸ‘ğŸ‘ğŸ‘ğŸ‘â™¥
i4Kj9SsPRbY,Plz do not comes india.it will takes5 years to approval.you better go to Bangladesh.They speak less.Do lot.
i4Kj9SsPRbY,"it takes a lot of time to make this kinda video
hats off man ."
i4Kj9SsPRbY,Super work ! From France ğŸ‡«ğŸ‡·
i4Kj9SsPRbY,Superb work guy's ğŸ’—
i4Kj9SsPRbY,Superb video making
i4Kj9SsPRbY,Charly le moche
i4Kj9SsPRbY,"How can I download it please suggest 
??"
i4Kj9SsPRbY,Awesome ğŸ’ğŸ’ğŸ’â¤â¤â¤â¤â¤ğŸ‘ğŸ‘ğŸ‘
i4Kj9SsPRbY,Every democracy should move their manufacturing from China to India. China is an oppressive power that'll dictate the world if we let it go on for too long.
i4Kj9SsPRbY,"It's just superb, soo fantastic and interesting.... Really hats off to u and ur efforts...."
i4Kj9SsPRbY,Amazing
i4Kj9SsPRbY,The word is just amazing for you guys ğŸ‘ out of the world â¤loved your presentation guysâ¤â¤â¤â¤â¤â¤â¤
i4Kj9SsPRbY,"Showcase your ""MADE IN INDIA"" products to the World at "" Indozy.com ""  welcome Indian manufacturers, suppliers, and exporters Register as a supplier Free. #Make in India #Vocal for Local"
i4Kj9SsPRbY,Good explanation
i4Kj9SsPRbY,"Phone company in
America:- (features),(price), made in America.
China:-(features),(price),made in China.
India:-bharath ke abhiman , made in India, jai namo."
i4Kj9SsPRbY,"https://youtu.be/2DKHqWq86qQ

Stand with #makeinindia"
i4Kj9SsPRbY,Plz watch and subscribe https://www.youtube.com/channel/UCrw5YY0lGN91VxvAtxBot4Q for detailed explanation videos of SST
i4Kj9SsPRbY,Plz share the content plz plz plzz
i4Kj9SsPRbY,Keep it up. Nice video
i4Kj9SsPRbY,"So after 5 years whats the progress?? I don't see any new companies or any new manufacturing hub as promised in this video.
Even PM modi has stopped talking about Make In India. 

So this is also one of failures like all other initiatives like skill india, startup india, etc. 

Election gaya, Baat gaya. It was just an election campaign, a jumla."
i4Kj9SsPRbY,Big round of applause What You presented simple and effective
i4Kj9SsPRbY,ğŸ‘‘ğŸ’ğŸ’ğŸ’ğŸ’ğŸ’ğŸ’ğŸ’ğŸ’ğŸ’ğŸ’ğŸ’ğŸ’ğŸ’ğŸ’ğŸ’ğŸ’ğŸ’ğŸ’ğŸ’ğŸ’ğŸ’ğŸ’ğŸ’ğŸ’ğŸ’ğŸ’ğŸ’ğŸ’
i4Kj9SsPRbY,Well explained. But how much paper has been usedğŸ¤¯
i4Kj9SsPRbY,Big kudos for the effortsğŸ˜Šgreat video
i4Kj9SsPRbY,Best best best video even to oo oo interestingğŸ˜˜ğŸ˜˜ğŸ˜˜ğŸ˜˜ğŸ˜˜
i4Kj9SsPRbY,"It is really helpful to me, thank u so much for posting such an amazing videoğŸ˜"
i4Kj9SsPRbY,Do make in india also carries foster innovation??
i4Kj9SsPRbY,great work guys really appreciable found really useful thx keep doing al d best
i4Kj9SsPRbY,Best way of presentation ğŸ‘Œ
i4Kj9SsPRbY,ğŸ‘ğŸ‘ğŸ‘
i4Kj9SsPRbY,Please explain what is make for india
i4Kj9SsPRbY,JET AIRWAYS CLOSED DUE TO MAKE IN INDIA....HAHAHA
dOZX3_Y4kKg,Chaina bad my India loverâ¤â¤â¤â¤â¤â¤â¤â¤â¤ğŸ˜‚
dOZX3_Y4kKg,"I know India is leading on corruption, scams, call center, rape, propaganda, friction with its neighbors, unfaithfulness, Modis overseas bank accounts are getting bigger and bigger and day dreaming in the middle of the afternoon."
dOZX3_Y4kKg,Harrison Blackwell do a video about All Indian states
dOZX3_Y4kKg,"Harrison, please make a video on the political class of India. The politicians of all the dime and dozen parties are not even 4th class passed. So what else could you expect from them save rampant corruption."
dOZX3_Y4kKg,Unproductive labour is the biggest headache in india
dOZX3_Y4kKg,"""Celebrating imaginary victory"" ğŸ˜ğŸ˜"
dOZX3_Y4kKg,ğŸ˜‚ğŸ˜‚ğŸ˜‚
dOZX3_Y4kKg,â¤ğŸ˜ŠğŸ‘ğŸ‘Œ From India
dOZX3_Y4kKg,"moodi got no shame, that mouthpiece firstpost of his also is a rubbish news"
dOZX3_Y4kKg,"You nailed it, Man !"
dOZX3_Y4kKg,Someone should constantly remind these stinking hypocrite Hindus keep dreaming youâ€™ll never get close to Chinese success
dOZX3_Y4kKg,"I'm so sorry for India peoples , you can not catch up with MIGHTY CHINA, and keep dreaming for the next 100 years"
dOZX3_Y4kKg,4:09 yeah I can Apply for US visa sitting in my house but I need to goto offices to pay Land taxes sadly
dOZX3_Y4kKg,"When we shot down Chinese military equipment, This was with the Indian Missiles. Please write about other countries, Biased"
dOZX3_Y4kKg,https://youtu.be/CXnvpgSHoCY?si=yYnr7iKojmB2R77k
dOZX3_Y4kKg,"Besides all these serious shameful critics and awful embarrassment, the Indian government never bit feel disgraceful to others country."
dOZX3_Y4kKg,"Made in India?

It would be covered in cow shit and that's if you're lucky to get one that clean."
dOZX3_Y4kKg,Culturally India will never be superpower ..super poppa is the right name .
dOZX3_Y4kKg,Welcome Mr. Blackwell!  Mr. Blackwell is one of the most intelligent geopolitical experts.
dOZX3_Y4kKg,Corona virus is also MADE IN CHINA ğŸ˜‚. But the vaccines were MADE IN INDIA
dOZX3_Y4kKg,"Zahil Modi pe laga bhonkne 
Gujrat 2002 Dohrane ki taqat Hai"
dOZX3_Y4kKg,Atleast pakistan with zero manufacturing unit and illetrate population should not lecture india on which pak itself is zero ğŸ˜…
dOZX3_Y4kKg,China is the vishwaguru India will never be.
dOZX3_Y4kKg,"Boasting, scam and lies are ""make in India""."
dOZX3_Y4kKg,Modi tryed to ban this channel
dOZX3_Y4kKg,"India will continue to move forward. However, it will be slow. Some of the things he mentioned are right. Bureaucracy is worse in India. Bullet train delays, Navi Mumbai airport delays, and Vizhinjam port delays are some of the best/worst examples of land acquisition, activism, and bureaucracy.

This British man, however, forgets that his country is already behind India. It will continue to do so."
dOZX3_Y4kKg,Sad fact
dOZX3_Y4kKg,This needs genuine understanding.
dOZX3_Y4kKg,India needs to be recolonise
dOZX3_Y4kKg,"But Mr Blackwell, India still thinks it holds the biggest trump card of them out by skilfully playing both sides : it can be a vital part of BRICS and yet be invited to the G7 summit; it can be part of Asia and yet be a member of Quad and its Indo-Pacific containment; it can rub shoulders with Putin and shake hands with Trump in the same week. Could you do a video dissecting this sophisticated art?"
dOZX3_Y4kKg,"India still leaving 
in the stone ages , there wealth is made on scamming people, and they still shitting in the streets, and poverty in the streets, and they made there money on Bollywood moves, and no one watches them anymore , copy cats of Hollywood"
dOZX3_Y4kKg,You are terrorist because you didn't talk about you channel you are from
dOZX3_Y4kKg,"India is strongest country in the world because it's growing with facing so many war like sindoor, siber, civil war, global war but still growing it means He is feeling jealous Chin and u. s developed because of only not campater to fight them like  coward you"
dOZX3_Y4kKg,"Who is this idiot of 1st degree who are trying to compare a hard-core Chineese-CPC with the largest democracy of the world, shows this commentator has very poor knowledge about India or he is tagged in prior to 2000 era. My advice to this prejudice mind would be to update his mental software and also the knowledge about India.
It is new India under Modi. Gone are the days when west used to lecture India but things are now reversed as India shows respect to others but cares none even not USA and operation SINDOOR is the latest example, a country with one of the best performing arsenals."
dOZX3_Y4kKg,"Ur title, get lost rascal,  u can't challenge our resurging New Bharat whoever it barbarous china or the world exploiter USA."
dOZX3_Y4kKg,"Don't think what China doing  what India doing , think What you are doing.  You are doing anti India speech . nothing more . Don't waste our time ."
dOZX3_Y4kKg,"Hi Mr Blackwell, U talking about Indiaâ€™ s market size? ? According to Stats Indiaâ€¦ 90% of the Indian population CANNOT AFFORD ANYTHING OF LUXURY OUTSIDE OF THE BARE ESSENTIALS OF LIFE ! !  OTHER THAN THE SUZUKIS â€¦ NO OTHER CAR BRANDS CAN MAKE IT IN INDIA _ Indians have SHORT HANDS AND V E R Y  DEEP POCKETS _ THEREFORE, THEY CAN â€˜T REACH THE MONEY ğŸ‘ğŸ‘ğŸ‘ğŸ‘ğŸ¤¡ğŸ¤¡ğŸ¤¡ğŸ¤¡"
dOZX3_Y4kKg,Basically assemble or white label in....
dOZX3_Y4kKg,https://youtu.be/gdKDXNUkD_o?si=nGdG9ixWU4oDsQ63
dOZX3_Y4kKg,https://youtu.be/taACVSEX3dA?si=WdjvNgDnnpd2SPb9
dOZX3_Y4kKg,https://youtu.be/581yONiJZPQ?si=sg4JMOc9ZsGJZq69
dOZX3_Y4kKg,If this had to come from the mouth of a non indian.. then we as a nation deserve this doom that we brought upon ourself!
dOZX3_Y4kKg,"My hats off to you, Mr. Harrison Blackwell. Your channel happens to be the most favourite one to me. I devour the contents like a glutton and ruminate it later over hours. Will you please compile them all under one name to make and publish a book for the convenience of the world. I would purchase 50 copies of it and that's a solemn declaration."
dOZX3_Y4kKg,A few developments here and there don't make the whole country developed. India as a whole is dirtier than many African countries. The people are very poor. India ranks low in HDI. India can never become a developed country because its citizens is racially inferior to citizens of most countries and adapted to live in shitty places.
dOZX3_Y4kKg,"Thanks for your brilliant exposure, Sir"
dOZX3_Y4kKg,"China started make in China policy in 1978 but India started make in India policy in 2014. That's mean 36 years deferent between China and India but India has been being better more and more since 2014 for make in India policy Now' Indian economy, manufacturing, infrastructure, express ways, highways, village roads, train ways, bullet train, education, science and technology, satellites and defence weapons etc are progressing day by day and India shall be better than China after 2040 for everything. Let me say something regarding Chinese products because Chinese products are not good quality but Indian products are better quality. Lastly India is democratic country but not China. That's why all the people of India can speak freely against Govt of India but all the people of China can't speak freely against Govt of China."
dOZX3_Y4kKg,"Just another pakistani channel using AI voice....ğŸ˜‚ğŸ˜‚.
Pakistanis are great social media warriors.
In real world they *** in their pants."
dOZX3_Y4kKg,"They often yap about how india is so great vishawguru and no 1 country and their religion and culture is advanced or better than other people while the ground reality is they are the highest in number in any country immigration. And most importantly majority of people don't question politicians they just spoke for them like a spokesperson,so problem is not in the gov but the real problem is Indian people itslef they have the mindset of fighting each other for religion and casts."
dOZX3_Y4kKg,Pay bribe to everyone.....
dOZX3_Y4kKg,Optics vs output
MGWYD4KBZpQ,Wrong Map
MGWYD4KBZpQ,"Why you people do not show full.map.of india, what your problem, are you scared? From.china or pakistan?"
MGWYD4KBZpQ,"A country living on usa alms , a freeloader judging india wow"
MGWYD4KBZpQ,"See .. This Is The Toolkit Behaviour 1.4B  INDIANS don't Like .. Show Full India MAP Next Time or Leave India Alone since it's a 3rd World nation ... We grew up with a Thought that ""WE ARE ALL ALONE .. NO ONE WILL COME TO HELP US .That is What Our Strength "" if Any One Come To Help Us like RUSSIA and ISRAEL it's a Bonus For Us and We Never Forget Their Help ..  .."
MGWYD4KBZpQ,Make in India is Historic ğŸ˜ğŸ¤©ğŸ˜
MGWYD4KBZpQ,@france 24 show correct mapnof india
MGWYD4KBZpQ,Maroni and Lawa Rivers belongs to suriname not france.
MGWYD4KBZpQ,For the time being make in Russia is better
MGWYD4KBZpQ,India will feel offended without Jammu and Kashmir on the map. I feel France will not make that mistake next time.
MGWYD4KBZpQ,Tejas cannot even rise up
MGWYD4KBZpQ,Tejas cannot even rise up
MGWYD4KBZpQ,*Jammu and Kashmir is an integral part of India. Kindly show the correct map.* There's no point in appeasing a global terrÃ¸r exporter state called Pakistan. Cheers ğŸ¥‚
MGWYD4KBZpQ,Show correct map of india
MGWYD4KBZpQ,Modi is the greatest PM India ever had
MGWYD4KBZpQ,I un subscribed and ban france 24 tv for not showing right map of India.ğŸ™
MGWYD4KBZpQ,"Azerbaijan kicked Armenian out of occupied land and took the control back. Guess who was standing with who? I will tell you. Endia supported Armenia against Azerbaijan, and Pakistan and TÃ¼rkiye supported Azerbaijan."
MGWYD4KBZpQ,ğŸ•‰ ğŸ•‰ ğŸ•‰ wake up ğŸ‡®ğŸ‡± ğŸ‡®ğŸ‡³ ğŸ‡«ğŸ‡· ğŸ™
MGWYD4KBZpQ,"Made in India? Really? 
Sam Altman: Indian AI is hopeless (2023)
Indians:  ""Challenge accepted"" (2023)
India:  India in Paris AI summit 2025 - Please help us make AI.
Truly sp in elessğŸ˜….
Just like Brahmos, needs help from Russia
Just like Space Race, needs help from USA since 2008 (NASA 2014 article: U.S., India to Collaborate on Mars Exploration, Earth-Observing Mission.)
Can't SOLO as always."
MGWYD4KBZpQ,"Made in India? Really? It's a well known fact that Indians (India) buy made in China's finished product or spare parts and disassembled them before re-assembling them with certain parts of made in india into a finished product, before re-labelling them as ""made in India"". eg. drones. Is it true that ""Defense sources revealed that investigations uncovered Chinese-origin electronics embedded in Indian drones""ğŸ¤­ğŸ¤£ğŸ˜‚"
MGWYD4KBZpQ,"ğŸ¤­ğŸ¤£ğŸ˜‚ğŸ˜…ğŸ˜†Made in India? Really? Despite Western and Indian efforts to hype up Indian CEOs and Indian talents and Indian tech, reality prevails in the end. Not one single Indian could make any DeepSeek moment or any TikTock moment. Over-paid, over-hyped and over-rated. ğŸ¤­"
MGWYD4KBZpQ,Modi is slave of usa...
MGWYD4KBZpQ,Didn't knew a French channel is running Indian propaganda ğŸ˜‚
MGWYD4KBZpQ,Will they weaponize rice grains? ğŸ˜‚ğŸ˜‚ğŸ˜‚
MGWYD4KBZpQ,This deliberate attempt to erase J&K from India's map by Western liberal media won't be forgotten or forgiven
MGWYD4KBZpQ,Report this channel showing wrong map
MGWYD4KBZpQ,India shd ally with France rather than US
MGWYD4KBZpQ,Show the correct map of India
MGWYD4KBZpQ,Don't buy weapons from France .
MGWYD4KBZpQ,Show full map of indiağŸ˜•ğŸ˜•
MGWYD4KBZpQ,Sanction india; they are growing tension south asia and try to rule mafia style
MGWYD4KBZpQ,Ukraine not a country Ukraine poland are russian partğŸ˜ŠğŸ˜ŠğŸ˜Š
MGWYD4KBZpQ,I love make in india ğŸ‡®ğŸ‡³ğŸ˜˜ğŸ˜˜ğŸ˜˜ğŸ˜˜
MGWYD4KBZpQ,You will not show ur map of india because otherwise you will be banned in india. This shows France is not a friend of India. Indians are actually naive to understand french hypocritical designs. I hope someday indians will understand that france and french dont like Indians. They consider india a 3rd class country
MGWYD4KBZpQ,Imagine how many toilets that could be built with that money.ğŸ˜
MGWYD4KBZpQ,Fnck France..india is sovereign and it has landscape from full kasmir to kanyakumari
MGWYD4KBZpQ,Is France24 challenging India's sovereignty and territorial integrity by distorting the Map?
MGWYD4KBZpQ,Use the correct map of India
MGWYD4KBZpQ,Show the correct map of india j&k is part of India
MGWYD4KBZpQ,"Buy things from the west, Israel, Russia and even China and then put a â€œmade in Indiaâ€ tag on..,"
MGWYD4KBZpQ,"India, first world ambitions, third world mentality!!!"
MGWYD4KBZpQ,"Make in India means buying Tata Nanos!! Indian-made arms are third-rate, not nearly as good as anything produced in the west, and Indians need to stop deluding themselves that their weapons will be as good western kit within any decent timespan. That is the reality, and  it's also why India continues to buy superior French aircraft, superior Israeli small arms, but also foolishly continues to buy third-rate Russian armour!"
MGWYD4KBZpQ,Who will buy Indian trash ğŸ˜‚ğŸ˜‚ğŸ˜‚
MGWYD4KBZpQ,Show the full and currect map of India ğŸ¤ğŸ˜Œ
MGWYD4KBZpQ,"India is going to doninate in Military equipment? 

You mean the same way it dominates in...

1) IT Hardware
2) Batteries
3) Semiconductors
4) EVs
5) Healthcare
6) AI
7) Infrastructure Development
8) Non-Corruption
9) Finance
10) R&D

???

Wow! Hooray!"
MGWYD4KBZpQ,Use full map of India. J&K is part of our country. If you are friend of India then act like a friend. These things are very emotional for our country.
MGWYD4KBZpQ,Use correct map of india
MGWYD4KBZpQ,"Congratulation, the BRAIN BEHIND THE SCENE...NEVER STOP NEVER GIVE UP...JAI HIND ğŸ’ªğŸ‡®ğŸ‡³ğŸ’ª"
MGWYD4KBZpQ,"""seeks to"" nailed it perfectly, it's been the case for decades"
MGWYD4KBZpQ,India needs to spend more on R&D
MGWYD4KBZpQ,Bloody french put correct map
7jQYRdoV9RQ,"Overall, India is creating good quality products at lower prices! What do we need in India next? I say Reeceâ€™s Peanut Butter Cups and Five Guys!"
7jQYRdoV9RQ,What about food safety and health risk. ? Quality used.
7jQYRdoV9RQ,Where scammers payback office??
7jQYRdoV9RQ,Bruh demote US and promote indiağŸ˜‚ğŸ˜‚
7jQYRdoV9RQ,cocacola zero in india is scam... just boil the both...and find the truth
7jQYRdoV9RQ,indian products have more harmful chemicals and palm oil and sugar
7jQYRdoV9RQ,Are you pew di pie
7jQYRdoV9RQ,The irony is everysingle item contains some form of sugar. And not the good one. The one that fucks up your body and rots your teeth. Be it American or Indian
7jQYRdoV9RQ,Amul chocolate is garbage. Itâ€™s utter garbage.
7jQYRdoV9RQ,"Let me give a view being an Indian..definitely The Indian products qre cheaper but they also mean inferior quality of products ..the ingredients used arw very very cheap and they also use different taste enhancers which are even banned in many countries ...palm oil and added sugars are most common ,they use it nearly all the products. Basically they are made to be addictive."
7jQYRdoV9RQ,"You said India make cheaper products, but in Indian rupees these are not cheaper!"
7jQYRdoV9RQ,"Difference in INDIAN ONES: Palm Oil, internationally banned ingredients ğŸ˜¢"
7jQYRdoV9RQ,Indian regulations in food are poor. Unhealthy as its way sugary and less quality.
7jQYRdoV9RQ,Food poison kaledha bro ğŸ˜®ğŸ˜¢
7jQYRdoV9RQ,"Bro read the ingredients use , compare the quality of contents"
7jQYRdoV9RQ,I would NEVER touch any of these packages mass produced junk things made anywhere honestly....
7jQYRdoV9RQ,Nothing good ever come out from India.
7jQYRdoV9RQ,You should try the European versions
7jQYRdoV9RQ,Orea in India is very sweet but missing coco chocolate taste. Orea is in worst taste ğŸ˜‚â¤ğŸ‰
7jQYRdoV9RQ,"Ya Hershey's really tastes like vomit in India also ,we have cadbury go back  Hershey's"
7jQYRdoV9RQ,All cheese and onion chips are gross ğŸ˜†rehardless which country
7jQYRdoV9RQ,"To be honest some of the Global food brands in India are not getting changed after global changes happen in another country. Lays potato  slices are different in India and USA. India is capable for making thin slices but they are not doing , I wonder both are same brand with same base for making chips but why thicker slices in India?ğŸ˜‚ğŸ˜‚ğŸ˜‚ğŸ˜‚"
7jQYRdoV9RQ,"Interesting video my sir,love from india,you gotta try pani puri too"
7jQYRdoV9RQ,ISN'T HE PEWDEIEIE? WHY DOES HE LOOK LIKE PEWDIEPIE? ğŸ˜­ pin this comment.
7jQYRdoV9RQ,Indian products taste better because they allow harmful ingrediants in the product
7jQYRdoV9RQ,Indian chips are 90% primium air
7jQYRdoV9RQ,Bro those are not Indian pringles!! They are imported from Malaysia man ğŸ’€
7jQYRdoV9RQ,"Hershey candies taste fine to me but kind of plain. But I'm American, I'm used to it!"
7jQYRdoV9RQ,KitKat straberry my favourite
7jQYRdoV9RQ,"you should have tried Pringles made in India, not imported one"
7jQYRdoV9RQ,This Bullshit is simply liking Indian food just to get many views/like from India because India is the most populated country in the world..stop this you butthole we knew you lied to us by liking our foods just for your own benefits
7jQYRdoV9RQ,"Just because your audience is indian you dont have to lie about the shit quality as an NRI I know how pathetic the taste difference and quality of ingredients are in india. The sugar content alone in kitkat in india is so differnet, blud just lied in the first 2mins of the video about the kitkats. Such a scam ğŸ˜‚ğŸ˜‚ğŸ˜‚"
7jQYRdoV9RQ,The real truth is this guy here is broke or otherwise just wanr to make money by indian ordinance this guy just brag india every single video he made so far
7jQYRdoV9RQ,Watching it while having lays ..
7jQYRdoV9RQ,You know Chocos got a big pack in india too
7jQYRdoV9RQ,"White people be like : India is Dirty ,Indian people are disgusting 

Also white people : Indian food vlog,food comparison,Indian food mukbang,Indian bridal makeup,trying Indian saree,Reacting to Indian movies,series , celebrities ,exploring India , etc etc"
7jQYRdoV9RQ,99.99% is indian Audience.ğŸ‰
7jQYRdoV9RQ,"After alll this comparison , i say i better stay in India and enjoy better flavors n taste to my buds"
7jQYRdoV9RQ,The American products have used healthier ingredients.
7jQYRdoV9RQ,I always confuse this guy with pewdipie
7jQYRdoV9RQ,Amul dark chocolate orange flavour and fruit & nut are so good and they also contain 55% cacao which is very healthy. The 70% and 90% are too bitter but suitable for health conscious people.
7jQYRdoV9RQ,You're not American are you
7jQYRdoV9RQ,U should have tried manam chocolate from Hyderabad please try it once â¤
7jQYRdoV9RQ,Thought it was PewDiePie ğŸ’€
7jQYRdoV9RQ,Poha mixed with milk sugar and bananas is my ultimate breakfast.
7jQYRdoV9RQ,"Ur  taste bud has really got into inferior products ğŸ‘ 
Well all for views ğŸ˜®â€ğŸ’¨"
7jQYRdoV9RQ,"This guy judging the product by packaging don't know about the quality products 
Sugar> coco powder 
Palm oil> vegetable oil 
Maida> wheat 
Food pharma is just his best to get aware of Indian inferior products while this kind a guys makes the people believe we have"
7jQYRdoV9RQ,I don't like Oreos. Its literally made with all Sugar! ğŸ˜¢
7jQYRdoV9RQ,"I don't actually like our Indian  commercial processed snacks and sweets that much. Ours are super salty, spicy, too tangy or damn sugary.  And people here don't even realise how bad it can be to our health. The sugar content in every Indian confectionary food are dangerously high! 

That's why it's always recommended to have healthy home cooked food."
7jQYRdoV9RQ,Why you look like PewDiePie?
Tdj4cbV6T3w,You Nailed it ğŸ‘Œ
Tdj4cbV6T3w,"à¤­à¤¾à¤°à¤¤ à¤®à¤¾à¤ à¤•à¥€ à¤¯à¤¹à¥€ à¤ªà¥à¤•à¤¾à¤°,
à¤®à¥‡à¤• à¤‡à¤¨ à¤‡à¤‚à¤¡à¤¿à¤¯à¤¾, à¤¹à¥‹ à¤¸à¤¾à¤•à¤¾à¤°à¥¤
à¤‰à¤¦à¥à¤¯à¥‹à¤—à¥‹à¤‚ à¤¸à¥‡ à¤¦à¥‡à¤¶ à¤¸à¤œà¤¾à¤à¤,
à¤†à¤¤à¥à¤®à¤¨à¤¿à¤°à¥à¤­à¤° à¤­à¤¾à¤°à¤¤ à¤¬à¤¨à¤¾à¤à¤à¥¤
à¤•à¥Œà¤¶à¤² à¤µà¤¿à¤•à¤¾à¤¸ à¤¸à¥‡ à¤¯à¥à¤µà¤¾ à¤¬à¤¢à¤¼à¥‡à¤‚à¤—à¥‡,
à¤¨à¤ à¤‰à¤¦à¥à¤¯à¥‹à¤— à¤”à¤° à¤•à¤¾à¤® à¤®à¤¿à¤²à¥‡à¤‚à¤—à¥‡à¥¤
à¤—à¤¾à¤à¤µ-à¤¶à¤¹à¤° à¤¸à¤¬ à¤¸à¤¾à¤¥ à¤šà¤²à¥‡à¤‚à¤—à¥‡,
à¤®à¥‡à¤• à¤‡à¤¨ à¤‡à¤‚à¤¡à¤¿à¤¯à¤¾ à¤•à¤¾ à¤¸à¤ªà¤¨à¤¾ à¤°à¤šà¥‡à¤‚à¤—à¥‡à¥¤
à¤†à¤“ à¤®à¤¿à¤²à¤•à¤° à¤•à¤¦à¤® à¤¬à¤¢à¤¼à¤¾à¤à¤,
à¤®à¥‡à¤• à¤‡à¤¨ à¤‡à¤‚à¤¡à¤¿à¤¯à¤¾ à¤•à¥‹ à¤¸à¤«à¤² à¤¬à¤¨à¤¾à¤à¤à¥¤
à¤¹à¤° à¤˜à¤° à¤®à¥‡à¤‚ à¤—à¥‚à¤à¤œà¥‡ à¤¯à¤¹à¥€ à¤¨à¤¾à¤°à¤¾,
à¤®à¥‡à¤• à¤‡à¤¨ à¤‡à¤‚à¤¡à¤¿à¤¯à¤¾, à¤¦à¥‡à¤¶ à¤¹à¤®à¤¾à¤°à¤¾à¥¤"""
Tdj4cbV6T3w,Nicely documented ğŸ”¥
Tdj4cbV6T3w,"""Share of gdp is lower for manufacturing than it was in 2013-14"" that doesn't mean manufacturing didn't grow well. It's obvious to everybody it did in absolute terms. The service sector just grew much faster. The economy more than doubled in a decade, so manufacturing also doubled to stay the same %. 
Same thing when you talk about population percentage in manufacturing. India's working population has grown a lot in 10 years, it doesn't mean there aren't more people working in manufacturing today - there are, just that more people are working in other sectors - particularly because the major increase in working population came from agriculture-intense rural population due to higher birth rates. Same issue when you compare India's share in global exports, it depends too much on what happened in other countries. There are too many confounding factors in the data points you're cherrypicking. This is a strange and misleading lens to look at the state of the manufacturing sector in India today. If you were being accurate, you would have atleast shown the absolute numbers at some point which you chose not to."
Tdj4cbV6T3w,He looks like a more serious Rohan Joshi XD
Tdj4cbV6T3w,"ğŸ˜‚ğŸ˜‚
I hope you don't think that we're childrens!?

Come on seriously!"
Tdj4cbV6T3w,"India's service sector is literally too much overpowered for now. Like TCS is the global exporter of services while a US firm, wipro, infosys trail... Like come on"
Tdj4cbV6T3w,producing cow dung is quite enough for india
Tdj4cbV6T3w,"Not really where it was - but rather the same proportion of where it was. The GDP has doubled, which means manufacturing has doubled, and so have services and agriculture."
Tdj4cbV6T3w,"The best way to describe India, which I heard from a Chinese scholar in a TV program, is that India is one big pile of mud.  It is a very stable pile of mud.  It just needs to be ""managed"" so it does not turn the rest of the world an even bigger pile of mud.  That is the best outcome you can have about India."
Tdj4cbV6T3w,ok boss
Tdj4cbV6T3w,There is no make in India only assembling in India India is the world's LEGO hub.
Tdj4cbV6T3w,India has an ego too big for its skull.
Tdj4cbV6T3w,This is irrelevant. Just keeping pace with the economy shows that manufacturing isn't lagging. It doesn't mean the scheme failed. India tripled it's economy and so did manufacturing over this period. 300% growth over 10 years isn't a failure.
Tdj4cbV6T3w,Whatever manufacturing there was has been destroyed by this govt
Tdj4cbV6T3w,A total failure. India is just an assembly hub. A giant LEGO enterprise
Tdj4cbV6T3w,"Such a generic graph based analysis was not expected. I was hoping to get some information regarding the import substitutions that may or may not have taken place, products that we have to able to export which we were not able to do so earlier etc."
Tdj4cbV6T3w,India was never a leader just yes man to western white people
Tdj4cbV6T3w,"HAHAHAHH india is useless, may india never progress past the 3rd/4th world. they don't deserve it."
Tdj4cbV6T3w,india has the highest scammer to gdp ratio.
Tdj4cbV6T3w,India is Superpower in Telling Stories and doing Good debate. China is Superpower in Innovation and Development.
Tdj4cbV6T3w,Except tamil nadu not a single state did well in manufacturing
Tdj4cbV6T3w,"No wonder  ur analysis, given Shekhar Gupta's pencant fir Congress..I think we should give up on watching this biased channel!"
Tdj4cbV6T3w,"Bad headline and even worse analysis. The delta between 17 and 18 is not significant. It could be just cycles. If it had fallen from 22 to 17, yes India should be worried. India is going through a realignment of resources. And COVID hit manufacturing and infrastructure jobs the most. The rate should come back up. The real issue India faces is decreased consumption in the west due to aging and other factors. Exports cannot grow at the required pace anymore. India needs to figure out what new sectors will get it to 10%+ real growth overall on an average. India has missed the low cost export manufacturing bus and it cannot prosper from this segment. There is heavy competition now which China did not have when it rapidly grew between 2000 and 2010."
Tdj4cbV6T3w,"You can't increase your manufacturing by huge margin if your manufacturing industry mostly rely on Foreign investment. Your Smartphone production is increasing bcus foreign brands willingly use india as their manufacturing base. So I advise to maintain that stop being too hostile towards Chinese brands bcus they contribute more than apple and Samsung into the production output. If india becoming too hostile towards Chinese brands you aren't going to see production increase in other technology hardware like laptop, tablet, TVs, Monitor screen etc."
Tdj4cbV6T3w,"I think India businesses need land at discounted rates as long as wages are decent, no 
environmental problems. Take very little land cost in farflung areas. Support also with labour and tech wherever needed."
Tdj4cbV6T3w,"I think the privilege and potential population (  finance wise ) are venturing into business and entrepreneurship. So India will continue to see improvement . India has seen changes in space and defence already . Stock market is booming , students as young as 15-16 year old are trading and learning stock market .The educated people who own shares of farms and land find direction to run sales business or  production etc . But it will take alot i mean alot to become a superpower . Indian media and politicans are delusional."
Tdj4cbV6T3w,India should build toilet first before thinking about Make in India
Tdj4cbV6T3w,Endia cant run a country ğŸ˜‚ğŸ˜‚ğŸ˜‚.. Africa will rise before endia
Tdj4cbV6T3w,"Enhance defence research and development homegrown industry production 
Figher jet engines 
Semiconductor industry 
Naval industry and engines
Indigenous arms and military vehicles,  equipments and AI based industry. 
Self reliant space technology 
Heavy industries 
Electronics
Robots and Drones, UAVs, 
Homegrown software and internet technology 
Search engines
Social media 
Operating System
All need to build and develop in India solely."
Tdj4cbV6T3w,"The manufacturing push in India is just not working. Corruption and red tape are big hurdles. Tax and labour reforms are required.
Countries like Vietnam are way ahead of India."
Tdj4cbV6T3w,"After Swatch bharat, India still remains the dirtiest country"
Tdj4cbV6T3w,"I am predicting that 20 years later, this same guy will post a video to discuss 20 years later, why Make In India is still not working.  But But But, he will also say that in absolute terms, the Indian manufacturing is growing.  What he won't say is that the so-called manufacturing growth is just rising on the rise of the technological and social progress of humanity in the world.  

In another word, India will have a better life, in general, not because India itself but because humanity has been progressing.  This is actually the key objective of keep talking about Make In India, or GDP Growth or whatever.  Given time, progress will show.  But keep talking about it will prevent any potential social unrest, revolution or even break up of this new India nation.  Now you know the inside story of why India is so interested in TALKING BIG.  It is buying time.  Time will solve everything."
Tdj4cbV6T3w,"Chinese here.  Without labor reform, land reform and frankly speaking, social reform that China has gone through, there is NO WAY that India could achieve what China did.  It is NOT ABOUT the lacking of FDI.  It about that there is NO FERFILE SOIL for any FDI in India for manufacturing.  Any foreign investors will be SWALLOWED by local governments and local enterprises (which are controlled by the same people who controlled the local governments) through labor laws, land laws, water, electricity and worse of all, the retroactive tax laws.  

India, to use farming as example, is salted soil.  Nothing foreign will grow there.  Only the local plants could grow there.  Any foreign plants will be slaughtered by the locals in just several years for the fruits and dump the plants to rot.  It is the SOIL!  It is the LOCAL PRACTICE.  Without a revolution, without a massive social reform, NOTHING WILL CHANGE."
Tdj4cbV6T3w,We are the place where gods are given birth to. All the godd in the world comes from us. Today we can also give birth to other gods.
Tdj4cbV6T3w,Why most of new  billionaires in India are coming from Manufacturing sector
Tdj4cbV6T3w,hardly
Tdj4cbV6T3w,"Make In India' logo designed by foreign firm, says RTI ğŸ˜‚

Make in India fails to lift manufacturing share in GDP in 10 yrs
The share of value addition by manufacturing sector is 15.9% in 2023-24 compared to 16.7% of GDP (in constant price) in 2013-14."
Tdj4cbV6T3w,"Instead of showing  growth in absolute terms, you are showing growth per GDP 
Since india is world's fastest growing GDP it denominator is high so a 6% or 7% growth in production, if taken as a percentage of GDP(which grew 7-8%), will show a lower percentage 
This will give an impression  that there's a shrinkage of production. 
This not a correct way of analyzing"
Tdj4cbV6T3w,"Excellent compilation. Request you to keep the duration of your videos less than 7 minutes. Request  from a soul who does not watch any TV news for 10+ years. Thank you,"
Tdj4cbV6T3w,"GMP cGMP Certifications 
Goods Manufacturing Practices for industrial sector,
widely used for packaging and import export domain.

https://youtu.be/OedRc28NiTQ?si=Il1rHEif5Xp7W6Pi
#gmp #cgmp #importexport #packaging #Manufacturing  #production"
Tdj4cbV6T3w,This is eye opening. Even though the non-biological vanar sena will make you believe otherwise. Thanks to TCA for telling the truth.
Tdj4cbV6T3w,"TCA Raghavan is misleading the viewers.  After all, from 26 May 2014 onwards, -India- Bharath has been the champion manufacturer of exaggerated self-glorification,  champion manufacturer of imagined cultural superiority,  and champion manufacturer of Hindu superstitiousness."
Tdj4cbV6T3w,"Manufacturing yield will come into reality in the 2030s. Land, labor, and farm reform could add another 2% boost to its GDP."
Tdj4cbV6T3w,"No power can stop india's economic progress, development, growth, stability, and prosperity. Atama nirbhar BHARAT. Good governance effective structural reform policies. Sabka saath Sabka vishvash sabka prayash sabka vikash"
Tdj4cbV6T3w,How much donations Mr Soros made?
Tdj4cbV6T3w,All thanks to Mogliji ! Our Manufacturing is soaring as fast as Hero cycle !
Tdj4cbV6T3w,Make in India is 90% import from China and assemble in India ğŸ˜‚ğŸ˜‚ğŸ˜‚
Tdj4cbV6T3w,Unlike services it takes a lot of time and effort to bootstrap.manufacturing. imagine the time it took for indian automobile industry to grow. But once done it is usually hard to stop.
Tdj4cbV6T3w,But had Make In India not happened we would have only software and service growth. So overall gdp would have less growth. MIA helped in some sense which was dropping as a %. Atleast it grew same rate as overall gdp which is a success
Fszn2NawStE,Its made in china .. just to avoid trump terrif selling in name of India...its Chinese tactics..they has been doing this from long time in Vietnam where Chinese shoes tag with made in Vietnam ğŸ˜‚
Fszn2NawStE,I will never buy ğŸ˜‚ğŸ˜‚ğŸ˜‚
Fszn2NawStE,"ye sab ajse nehi, hazaro saal se India ki baniye lok Europe me bechte arahe hei"
Fszn2NawStE,ğŸ˜³
Fszn2NawStE,â¤â¤ğŸ‰
Fszn2NawStE,Song b kya jabardast lagaya bhai...ğŸ‘ŒğŸ‘Œ Aap hamesha europe ka tarif karte ho lekin apna country ko kabi chota nahi dhikate ho na aise bolte ho...ğŸ‘ğŸ‡®ğŸ‡³ğŸ‡®ğŸ‡³ğŸ’ªğŸš©
Fszn2NawStE,ğŸ‡­ğŸ‡ºğŸ´â€â˜ ï¸
Fszn2NawStE,My favorite song ğŸ‘ğŸ‘ğŸ‘ğŸ‘
Fszn2NawStE,Bhai Mujhe Bhi Support Kar Do Iswar Aapko Hamesha Khush Rakhe Me Dil Se Prathana Krta Hun Please ğŸ™
Fszn2NawStE,Wonderful! I love traditional Indian design ğŸ™ğŸ»
Fszn2NawStE,Wah bhai â¤
Fszn2NawStE,"Meru bhai , Jab india EU ka FTA sign ho jayega tab bohot sare product made in India milega waha"
Fszn2NawStE,What is name of the store?
Fszn2NawStE,ğŸ™‚ğŸ‘ğŸ‡®ğŸ‡³ğŸ‡µğŸ‡±
Fszn2NawStE,"Nice ,love to see ....."
Fszn2NawStE,Superb but where are those Indian mangoes ? ğŸ¤·
Fszn2NawStE,Meru bhai we will only purching indian products
Fszn2NawStE,â¤â¤â¤
Fszn2NawStE,â¤â¤â¤â¤ Achha laga made in india poland mein hai so much love and respect from Chennai Tamil Nadu to both you and your family
Fszn2NawStE,Arey india ke products tho mehnge honge waha prğŸ˜®
Fszn2NawStE,â¤â¤â¤â¤â¤â¤
Fszn2NawStE,Happy birthday bhaiya mahadev bless you ğŸ‰
Fszn2NawStE,Meru babu agar ladki hote na tum to bahut attitude wali hoti...baat baat mai nakhare wali...chehare se lagta haiğŸ˜…ğŸ˜…
Fszn2NawStE,Hathi acha ha meru bhaiya
Fszn2NawStE,Alright...the background voice
Fszn2NawStE,Bhai bahot se pakistani mc indian naam se dukan calate he ....waha se boycott karo
Fszn2NawStE,wow
Fszn2NawStE,song choice bhaot acha laga miru bhaiya
Fszn2NawStE,ur wife bhi made in india song wali lg rhi h
Fszn2NawStE,"#Yeh To Galat baat hai, Bhai abroad's Beautiful Lady ke saath ho liye or hamare liye made in India, bhai ab indian girl bharose ke layak nahi hai."
Fszn2NawStE,Made in indiağŸ‰
Fszn2NawStE,Din bna diya bhai ish reel ne
Fszn2NawStE,ğŸ¤ŸğŸ¤ŸğŸ¤Ÿ
IvloHsmi_vg,My brother â¤y
IvloHsmi_vg,@nyone in 2025 ??
IvloHsmi_vg,Trust me i love this song since 90 my childhood ..... miland is wow Alisha sweetest one â¤
IvloHsmi_vg,I watch this song today ğŸ˜…
IvloHsmi_vg,ğŸ˜ŠğŸ˜ŠğŸ˜ŠğŸ˜ŠğŸ˜Š
IvloHsmi_vg,Great beat and great choreo.  She is great.
IvloHsmi_vg,I love india
IvloHsmi_vg,Iâ€™m here after listening Esther hnamte ğŸ¥°
IvloHsmi_vg,"Republic day, independence day performance song ğŸ˜‚â¤"
IvloHsmi_vg,Truly indian ğŸ˜‚ğŸ˜‚
IvloHsmi_vg,Anyone in 2025
IvloHsmi_vg,From tamilnadu tenkasi 15-7-2025â¤
IvloHsmi_vg,Anyone in 2025?ğŸ‰ğŸ‰
IvloHsmi_vg,Esther hnamte vang in ka view..ğŸ˜…
IvloHsmi_vg,Mtv those days after school â¤
IvloHsmi_vg,I want 000000â°0p
IvloHsmi_vg,Milind Soman thirst trap ğŸ¥µğŸ¥µğŸ¥µğŸ¥µ
IvloHsmi_vg,Milind soman entry just wow â¤â¤
IvloHsmi_vg,Mere india ğŸ˜…
IvloHsmi_vg,"in my childhood my dad used to listen in videocon taperecorder , still i remember
never forgetable those days"
IvloHsmi_vg,ğŸ™â¤ï¸ğŸ‡®ğŸ‡³â¤ Nostalgic!â¤ğŸ‡®ğŸ‡³â¤ï¸ğŸ™
IvloHsmi_vg,Frome esther hnamteğŸ‰
IvloHsmi_vg,Best ğŸ¶ â¤
IvloHsmi_vg,Anyone here because of Esther Hnamte ??
IvloHsmi_vg,Video dekh ke kon song sune aaya hai ğŸ˜‚
IvloHsmi_vg,Where is the Rap part?????
IvloHsmi_vg,Listening from mizoram (india) 13 july 2025
IvloHsmi_vg,Please watch the remake of this song by our sister Esther Hnamte
IvloHsmi_vg,Jai Hind jai shree Ram â¤â¤â¤â¤â¤
IvloHsmi_vg,Watch after Esther Hnamte coverğŸ‘‰
IvloHsmi_vg,Iam mizo boy
IvloHsmi_vg,Comming back after esther to see if there is the rap part  esther had added..
IvloHsmi_vg,Esther hnamte
IvloHsmi_vg,13 th july 2025 listening ğŸ˜ŠğŸ˜ŠğŸ˜Š
IvloHsmi_vg,Who are listening in 2025 and from which country?
IvloHsmi_vg,Compare with Esther hnamte from mizoramğŸ˜®
IvloHsmi_vg,Straight from Esther Hnamte channel.....
IvloHsmi_vg,Sandhese Aate Hai
IvloHsmi_vg,"I heard this song and love it but never seen the video, i came here because of esther, who else did?"
IvloHsmi_vg,"I watch in 2025, becouse of (esther hnamte(mizo),she cover made in india"
IvloHsmi_vg,Whos here after Esther Hnamte released the song?
IvloHsmi_vg,2025 â¤
IvloHsmi_vg,â¤â¤â¤â¤â¤â¤â¤â¤â¤â¤â¤
IvloHsmi_vg,Alisha Chinai awsm singer
IvloHsmi_vg,Whatawonderfulgoldenvoicesgoldensonggoldenmelodiousultraevergreensongthanksalot
IvloHsmi_vg,Whatawonderfulgoldenvoicesgoldensonggoldenmelodiousandexcellentlyricsmusicscompositionthanksalot
IvloHsmi_vg,ğŸ‰ğŸ‰ğŸ‰ğŸ‰ğŸ‰â¤â€¦.
IvloHsmi_vg,"Modi ji jesa song 
Made in indiaâ¤â¤â¤â¤â¤â¤
2025.   Jul8ğŸ‰ğŸ‰ğŸ‰ğŸ‰"
IvloHsmi_vg,2050 India became a world power ğŸ˜‚
IvloHsmi_vg,I miss my childhoodğŸ˜¢
hurdpPzEKjI,ğŸ˜®
hurdpPzEKjI,Beautifulâœ¨
hurdpPzEKjI,Indian workers really do a lot of hardwork without the credit and benefit.
hurdpPzEKjI,B I ğŸ‘Œ
hurdpPzEKjI,â¤
hurdpPzEKjI,.31 cents per kilogram????? this is an abomination
hurdpPzEKjI,Anyone here from the Powerpoint placeholder youtube link? ğŸ˜­
hurdpPzEKjI,"OMG! This totally brought me back to my childhood in the early 2000s! My dad had a beautiful wooden chess set, and I used to stare at the knights for HOURS, wondering how they were made.  Never knew it was SUCH a precise process.  This video is AMAZING!"
hurdpPzEKjI,"After watching this, it struck me how hardworking the less fortunate are"
hurdpPzEKjI,Moral of the story? We all like the smell of poop in small quantities ğŸ˜† ğŸ¤£ ğŸ˜‚
hurdpPzEKjI,OMG I'm s-s-sobbing rn ğŸ˜­ğŸ˜­ğŸ˜­  This is absolutely breathtaking!  The craftsmanship... the dedication... I can't even!!!  The detail is INSANE!
hurdpPzEKjI,"OMG, I'm not crying, YOU'RE CRYING!  Those poor, tiny muga silkworms, working themselves to death for a $6,500 sari! But wait...the saffron farmers?  Crying again. The cardamom harvesters?  BRB, need more tissues.  This whole video is a TEARJERKER, but I need to know: are there any discounts on bulk Kleenex?"
hurdpPzEKjI,Indian businesses making the most expensive products? Guess Iâ€™ve been living on a budget! Time to start saving for that luxury itemâ€”who knew India was making such exclusive treasures? ğŸ’ğŸ’°ğŸ˜†
hurdpPzEKjI,"Wow, what an incredible journey through the exquisite craftsmanship and immense effort that goes into creating some of the world's most luxurious products! As I listened to the stories of artisansâ€”from the meticulous carving of chess pieces, representing centuries of skill, to the delicate extraction of jasmine oilâ€”my mind couldn't help but wander to my own experiences with handcrafted items; they always seem to carry a part of the creator with them."
hurdpPzEKjI,I thank all of the hard working folks in India who work tirelessly so that we can have expensive items/food.  Thank you from the bottom of my heart.  Seeing all of the hard work in the heat and sun..wow..
hurdpPzEKjI,"I know about this kind of agarwood, its price is so expensive"
hurdpPzEKjI,"Just for your information, the real saffron is the Iranian one, everyone in middle east know this fact, and thats why the Persian saffron sold multiple times more expensive than Indian one in Dubai, saudi, turkey, and the rest of the world."
hurdpPzEKjI,I am from Pakistan here we also used ghee my mom usually brought butter of desi cow from my grandparents and then she extract the ghee from it.
hurdpPzEKjI,Unientity provides chess pieces for the master chess associations. India provides for the prelims. Not the finals. We provide for the finals.
hurdpPzEKjI,That dress made from Muga silk is not a saree itâ€™s called Mekhela Sador itâ€™s a traditional dress that is worn by females in the indian state of Assamâ¤
hurdpPzEKjI,The people of India make more with little offered to please most make their life others life comfortable and happy.
hurdpPzEKjI,We also fox nut cultivation in Bihar and many workers work there. I see them work so hard.
hurdpPzEKjI,Saffron ğŸ˜¢ used to be business of kashmiri pandits thes Mfs snatched it
hurdpPzEKjI,"This is the best video I have watched in a long time. Thank you very, very much for showing"
hurdpPzEKjI,World is racist towards Indian but yet they need Indian made products. The irony.
hurdpPzEKjI,The sizes are defined by a westerners despite chess being an Indian game. Why canâ€™t Indians define something on their own. Even yoga in India is being certified by western companies. Kuch to khud karo. Poori zindagi angrezon ki chaatâ€˜te rahoge kya.
hurdpPzEKjI,Agar wood perfume and pat silk left to show from Assam
hurdpPzEKjI,14:50 Tahmil nahdoo ğŸ˜‚
hurdpPzEKjI,"Seeing these skilled craftsman, reminds me how the British colonialist DEINDUSTRIALISED INDIA. They smashed the factories, rendered cottage industries unviable due to high taxes and even maiming the artisans and craftsmen who have the talent passed on to them from generations. India dropped down having 24% share of world GDP to less than 4% in a span of 200 years. Never in its 7000 year history did it see such depredation. Britain not only  took around $61 trillion from India (as reported by Oxfam report) but it also crippled one of the richest civilisation and took all its treasures to the British museum."
hurdpPzEKjI,"All these item are very very expensive and not many of us can afford it, but I wonder how much these workers received in the chain of production of this luxurious item."
hurdpPzEKjI,Why are they still poor?
hurdpPzEKjI,"Indians are very hardworking people - complaining isnâ€™t their philosophy, thatâ€™s why they can adapt and achieve great results. India Once a great civilisation who dominated world trade-Post colonial India is rising fast and strong all the best â¤"
hurdpPzEKjI,Notice how all the expensive businesses are reliant on the natural resources of this country not its man made or human resources.
hurdpPzEKjI,Just change the label to made in Italy then you can mark the price thousands time more. The amount craftsmen ship to make a chess board and set and the expensive one is just $500. But if it is made in same way in USA then it will be min $5000.
hurdpPzEKjI,Unique... ğŸ‘ğŸ™
hurdpPzEKjI,Aloha hugs ğŸ¤— Mahalo I saw the live Chest Tornament
hurdpPzEKjI,"I believe ancient India was one of the wealthiest empire ever, but unfortunately they got conquered by the British, India couldn't recover from that obviously seeing how poverty came in full force but somehow despite all that, they persevered, becoming one of the world's leading hands in mathematics and technology"
hurdpPzEKjI,guys everyone should try perfume from leearkk which is indian made and worth for money.i swear you won't regretğŸ˜….it will last upto 24 hrs pakkaaaa
hurdpPzEKjI,So damn good!
hurdpPzEKjI,"Iâ€™m truly happy to see such positive comments and appreciation for India. India is indeed a treasureâ€”every time you explore it, you uncover something even more fascinating. Each state has its own unique culture, language, and heritage. Sadly, during British rule, so much of our wealth, charm, legacy, and distinctive art were taken from us. Even now, there are misconceptions about Indiaâ€”some call it a poor country, stereotype us with terms like ""curry,"" or express hatred towards Indians living abroad. Witnessing this bias is deeply hurtful.  

Thank you for making this video and shedding light on these talented craftsmen, who are unfortunately often underpaid. It means a lot."
hurdpPzEKjI,"Imagine the knight is missing one line on the neck, it will be end of the world ğŸ˜‚"
hurdpPzEKjI,I will never look at Makhana in the same way again. The amount of labour is something beyond I imagined. I knew it was tough..
hurdpPzEKjI,Are any of the toilets?
hurdpPzEKjI,"The pronunciation of PATAN is very wrong. It should be PAA-TA-N.....Please correct it. This is one of the most unique and iconic traditional legacy of Gujarati, India...."
hurdpPzEKjI,39:55 those poor female moths. What a shitty life
hurdpPzEKjI,"Business Insider - Master artisans 
BBC - Labours , workers. 
Thank you Business Insider ğŸ«¡"
hurdpPzEKjI,Jesus love you all so mcuh he can save us all for realâœï¸â¤ï¸
hurdpPzEKjI,Outstanding documentary. Thank you
hurdpPzEKjI,"Assam have 3 type of silk..
Muga(golden silk )n eri n pat...
N Assam is a land of agar wood.....â¤â¤â¤â¤â¤"
hurdpPzEKjI,I like the guy Franklin Roosevelt!
TNRj9lS54I8,Nonsense... Stupid... Modiji cheated Make in India manufacturers is true.
TNRj9lS54I8,"à¤­à¤¾à¤°à¤¤ à¤®à¤¾à¤ à¤•à¥€ à¤¯à¤¹à¥€ à¤ªà¥à¤•à¤¾à¤°,
à¤®à¥‡à¤• à¤‡à¤¨ à¤‡à¤‚à¤¡à¤¿à¤¯à¤¾, à¤¹à¥‹ à¤¸à¤¾à¤•à¤¾à¤°à¥¤
à¤‰à¤¦à¥à¤¯à¥‹à¤—à¥‹à¤‚ à¤¸à¥‡ à¤¦à¥‡à¤¶ à¤¸à¤œà¤¾à¤à¤,
à¤†à¤¤à¥à¤®à¤¨à¤¿à¤°à¥à¤­à¤° à¤­à¤¾à¤°à¤¤ à¤¬à¤¨à¤¾à¤à¤à¥¤
à¤•à¥Œà¤¶à¤² à¤µà¤¿à¤•à¤¾à¤¸ à¤¸à¥‡ à¤¯à¥à¤µà¤¾ à¤¬à¤¢à¤¼à¥‡à¤‚à¤—à¥‡,
à¤¨à¤ à¤‰à¤¦à¥à¤¯à¥‹à¤— à¤”à¤° à¤•à¤¾à¤® à¤®à¤¿à¤²à¥‡à¤‚à¤—à¥‡à¥¤
à¤—à¤¾à¤à¤µ-à¤¶à¤¹à¤° à¤¸à¤¬ à¤¸à¤¾à¤¥ à¤šà¤²à¥‡à¤‚à¤—à¥‡,
à¤®à¥‡à¤• à¤‡à¤¨ à¤‡à¤‚à¤¡à¤¿à¤¯à¤¾ à¤•à¤¾ à¤¸à¤ªà¤¨à¤¾ à¤°à¤šà¥‡à¤‚à¤—à¥‡à¥¤
à¤†à¤“ à¤®à¤¿à¤²à¤•à¤° à¤•à¤¦à¤® à¤¬à¤¢à¤¼à¤¾à¤à¤,
à¤®à¥‡à¤• à¤‡à¤¨ à¤‡à¤‚à¤¡à¤¿à¤¯à¤¾ à¤•à¥‹ à¤¸à¤«à¤² à¤¬à¤¨à¤¾à¤à¤à¥¤
à¤¹à¤° à¤˜à¤° à¤®à¥‡à¤‚ à¤—à¥‚à¤à¤œà¥‡ à¤¯à¤¹à¥€ à¤¨à¤¾à¤°à¤¾,
à¤®à¥‡à¤• à¤‡à¤¨ à¤‡à¤‚à¤¡à¤¿à¤¯à¤¾, à¤¦à¥‡à¤¶ à¤¹à¤®à¤¾à¤°à¤¾à¥¤"""
TNRj9lS54I8,Petrol diesel electric gas solar battery robot and chemical water don't vehicle engine running Ganesh TL project ğŸ’šğŸŒğŸŒğŸ’š....
TNRj9lS54I8,None of the make in India targets set in 2014 have been met. What creative ways to spread lies. Look up what these numbers mean. And these idiots here being so proud while their ceilings leak
TNRj9lS54I8,We should be an exporter not an importer in coming future.Lets all work together.
TNRj9lS54I8,India is Superpower in Telling Stories and doing Good debate. China is Superpower in Innovation and Development.
TNRj9lS54I8,It is good if in making Vikrant we used 100% parts and components made in india
TNRj9lS54I8,â¤â¤â¤ğŸ˜‚
TNRj9lS54I8,Too much propaganda. What nonsense.
TNRj9lS54I8,"Viksit Bharath...âğŸ™…ğŸ½â€â™‚ï¸
Fixit Bharath...â˜‘ï¸ğŸ™‹ğŸ¾â€â™‚ï¸"
TNRj9lS54I8,0:09 Map of India is wrong
TNRj9lS54I8,"so called weak PM, Sikent PM 2004-14 : economic growth 6.8%
So called task master, nationalist 2014-24: economic growth 5.9%
from 2014-24 purchasing power of our middile class people has decreased..
I hope now indians are understanding difference between Economist and Chaiwala...Chaiwala has destroyed indian middile class...........Entire country has been handed over to Adani and Ambai...."
TNRj9lS54I8,Modi hai toh mumkin hai
TNRj9lS54I8,Why Raghuram Rajan says that Make in India manufacturing wouldn't work in India? We should rather focus on service industries. Fact is we should focus on both.
TNRj9lS54I8,"Ins vikrant started in 2009 , cycle used to export to Europe before make in india too  and tell me is there really export increase in regards of import"
TNRj9lS54I8,Proud of honest patriotic Modi government ğŸ¤—ğŸ¤—ğŸ™ğŸ¼ğŸ™ğŸ¼
TNRj9lS54I8,"Stop this feel good news , why our rupees is falling."
TNRj9lS54I8,"2nd in mobile manufacturing, soon semicon will also rise. 
Textiles is also rising."
TNRj9lS54I8,"Make in india âŒ 
Assemble in india ğŸ‘"
TNRj9lS54I8,"Excellent informative video with data  on Indian economy, thanks & â¤â¤â¤"
TNRj9lS54I8,Why people donâ€™t watch this type of content? Everybodyâ€™s involvement and dedicated work are required to develop India.
cMBFq1ZUv6A,"Well well well
Make in india failed miserably....."
cMBFq1ZUv6A,"Make in India is good . How about INVENT IN INDIA. 'For this a good incentive terms are required to be there for  inventors and innovators . introduction of spot patent system (immediate patent at the time of presenting application ) could prove to be a big incentive for this so that after patenting, the person can sell it according to terms suited to him. voices of inventions we here from outside India. Let us here these voices from within our country."
cMBFq1ZUv6A,Every time be focus  make in india
cMBFq1ZUv6A,Samll sector  financial  boost provides
cMBFq1ZUv6A,Full focus make in india  samll sector  and big sector
cMBFq1ZUv6A,Railway  bullet train  100% make in india
cMBFq1ZUv6A,#Boycott_MakeinIndia
cMBFq1ZUv6A,ÌºmÌºaÌºkÌºeÌºiÌºnÌºiÌºnÌºdÌºiÌºaÌº-ÌºrÌºaÌºvÌºiÌºkÌºuÌºmÌºaÌºrÌº-ÌºwÌºoÌºrÌºlÌºdÌº
cMBFq1ZUv6A,"kkkiller@hotmail.com, krishna_loveu2002@yahoo.com, cricrishnakant@socialworker.net, crishnakant@lycos.com, crishnakant@gmail.com, instagram id -@krishnakant6404 , twitter id- @crishnakant"
cMBFq1ZUv6A,Good
cMBFq1ZUv6A,cool video but the people in the comments scare me holy shit
cMBFq1ZUv6A,"Showcase your ""MADE IN INDIA"" products to the World at "" Indozy.com ""  welcome Indian manufacturers, suppliers, and exporters Register as a supplier Free. #Make in India #Vocal for Local"
cMBFq1ZUv6A,"WOULD YOU WANTED YOUR
NAME ON
â€ANTI DRUG OF COVID-19â€
IF YOU CAN HELP ME FINAN-
CIALLY I CAN.DO IT.
Please contact me
AKEPATI.SUBBARAYUDU
A.P, INDIA.
Gmail:subbuakepati012@gmail.com
PH:8008172899
I FOUND ANTI DRUG OF COVID-19
ITâ€™S CURE COVID-19 WITHIN THREE
DAYS"
cMBFq1ZUv6A,"I think, that India should surely make the following: Face-masks:  = (to export =World -Wide =all across the [very]_ World); ""Baby_Shark_ games and toys!!""  - ""Vid. Games""; ""Hand_sanitzers/soap(s)"" -etc.-M.K.S."
cMBFq1ZUv6A,"Please make a video about it


https://semiwiki.com/india/281849-india-is-yet-to-get-chip-manufacturing-companies-rajuprasad/

https://www.indiafilings.com/learn/electronic-hardware-technology-park/#:~:text=The%20scheme%20focuses%20on%20promoting,of%20electronics%20goods%20and%20services."
cMBFq1ZUv6A,"https://youtu.be/2DKHqWq86qQ
Stand with #makeinindia"
cMBFq1ZUv6A,"à¤µà¤¿à¤¦à¥‡à¤¶à¥€ à¤›à¥‹à¥œà¤¿à¤¯à¥‡
à¤¸à¥à¤µà¤¦à¥‡à¤¶à¥€ à¤…à¤ªà¤¨à¤¾à¤‡à¤ 
à¤”à¤° à¤¸à¤¹à¤®à¤¤ à¤¹à¥ˆà¤‚
à¤¤à¥‹ like à¤¦à¤¬à¤¾à¤‡à¤"
cMBFq1ZUv6A,"The Indian Government: hey guys make stuff in India

also Indian government: don't mind us were gonna buy these jets from France"
cMBFq1ZUv6A,à¤œà¤¯ à¤¹à¥‹ à¤µà¤¿à¤œà¤¯ à¤¹à¥‹
cMBFq1ZUv6A,Good
cMBFq1ZUv6A,https://www.youtube.com/watch?v=dV0LcTIY10I&t=29s
cMBFq1ZUv6A,"namaste sir ji.... mai invovater hu ,maine ek aisa product banaya hai jisase india ka 60 se 70% paani bachega ,muzhe aapki sahayata ki avshyakata hai , demo ready hai ....muzhe make in india me aana hai..

dhananjay mhetre ... solapur maharashtra  8390906190"
cMBFq1ZUv6A,We are build India's first proper social networking service. It is still in developer build but we are making a set into the future. Check the website: https://ullashnetwork.com/
cMBFq1ZUv6A,Make in India.Made in India.
cMBFq1ZUv6A,"Anyone is open minded, fedup with 9-6 job, has dreams for himself and his family, is eager for learning, has willpower for taking decision, want to become an businessman 
Pls do whatsapp @ 9650247798"
cMBFq1ZUv6A,'SWEDESHI MOVEMENT'
cMBFq1ZUv6A,really nice video
cMBFq1ZUv6A,Jai Ho Modi Jai Ho India
cMBFq1ZUv6A,graphics and quotes don't sync...btw nyc attempt!
cMBFq1ZUv6A,what music is that?
cMBFq1ZUv6A,Seriously: It's a beautyfull montage with a beautyfull soundtrack.
cMBFq1ZUv6A,Need labor law refors in order to make india a manufacturing hub.
cMBFq1ZUv6A,india will have toilets by 2030
cMBFq1ZUv6A,Bravo #MakeInIndia
cMBFq1ZUv6A,"If in this Maharashtra harassing the industries how it possible in making Maharashtra or making india, making india is supporting the industries and revenue department harassing the industries. Our company is strongly supporting in making India throughout the agricultural cultivation of taluka wada farmers"
cMBFq1ZUv6A,"Go Indian business, the groundswell is happening.. to do well  in business learn from the Masters ..a good read is Old Masters Young Guns an ebook by John Ross Appleton (JR) learn more- 
http://www.24-7pressrelease.com/press-release/inspiration-for-young-business-entrepreneurs-from-the-new-release-ebook-old-masters-young-guns-by-john-ross-jr-420912.php"
cMBFq1ZUv6A,ReallyÂ ?
cMBFq1ZUv6A,i bet they smoked up while making this.
cMBFq1ZUv6A,"All is good 
Graphics, music, colours, 

But there's no connection with the words and the images... That's a bad thing 

Anyway hats off to Modi"
cMBFq1ZUv6A,"All is good 
Graphics, music, colours, 

But there's no connection with the words and the images... That's a bad thing 

Anyway hats off to Modi"
cMBFq1ZUv6A,"more like ""Rape in India"":
http://www.ibtimes.com/rape-india-epidemic-sexual-violence-against-women-children-rape-laws-arent-enough-2157704"
cMBFq1ZUv6A,LETS MAKE IN INDIA.
cMBFq1ZUv6A,Very inspiring clip. Modi govt doing the Best that they can do. Now it is our turn to put our best of the best effort on any field we work or serve.
cMBFq1ZUv6A,This ad is incredible!
cMBFq1ZUv6A,Support  MODI's MAKE IN INDIA to MAKE INDIA.
cMBFq1ZUv6A,People who designed this video are the ones who can afford the bicycle
cMBFq1ZUv6A,Very hypnotic video....
cMBFq1ZUv6A,"INDIA IS THE FUTURE
THE ASIAN COUNTRY THAT WILL BECOME THE NEXT WORLD HEGEMON
I AM GLAD TO LIVE IN THE 21st CENTURY"
cMBFq1ZUv6A,I think text should appear with correct image.
cMBFq1ZUv6A,"The age of mass production factories working on the economics of scale is pretty much over.... But manufacturing does not stop... As Raghuram Rajan (Governor of Reserve Bank of India) has said, we must look at Make For India, instead of Making for the world (like China does)...."
